<?xml version="1.0" encoding="UTF-8"?>
<document type="com.apple.InterfaceBuilder3.CocoaTouch.Storyboard.XIB" version="3.0" toolsVersion="17112" targetRuntime="iOS.CocoaTouch" propertyAccessControl="none">
    <objects>
        <scene sceneID="1">
            <objects>
                <viewController id="loginViewController" customClass="LoginViewController" customModule="LoginApp" customModuleProvider="target">
                    <view key="view" contentMode="scaleToFill" id="view1">
                        <subviews>
                            <label text="Login" id="label1" userLabel="Login Label">
                                <rect key="frame" x="20" y="20" width="100" height="21"/>
                                <fontDescription key="fontDescription" type="system" pointSize="17"/>
                            </label>
                            <textField id="usernameField" placeholder="Username">
                                <rect key="frame" x="20" y="60" width="280" height="34"/>
                            </textField>
                            <textField id="passwordField" placeholder="Password" secureTextEntry="YES">
                                <rect key="frame" x="20" y="100" width="280" height="34"/>
                            </textField>
                            <button id="loginButton" userLabel="Login Button" title="Login">
                                <rect key="frame" x="20" y="140" width="280" height="44"/>
                            </button>
                        </subviews>
                    </view>
                </viewController>
                <viewController id="dashboardViewController" customClass="DashboardViewController" customModule="LoginApp" customModuleProvider="target">
                    <view key="view" contentMode="scaleToFill" id="view2">
                        <subviews>
                            <label text="Dashboard" id="label2" userLabel="Dashboard Label">
                                <rect key="frame" x="20" y="20" width="100" height="21"/>
                                <fontDescription key="fontDescription" type="system" pointSize="17"/>
                            </label>
                        </subviews>
                    </view>
                </viewController>
            </objects>
        </scene>
    </objects>
    <resources>
    </resources>
</document>