{
  "name": "online-payment-system",
  "version": "1.0.0",
  "description": "An online payment system application built with React and TypeScript.",
  "main": "src/index.tsx",
  "scripts": {
    "start": "react-scripts start",
    "build": "react-scripts build",
    "test": "react-scripts test",
    "eject": "react-scripts eject"
  },
  "dependencies": {
    "react": "^17.0.2",
    "react-dom": "^17.0.2",
    "react-scripts": "4.0.3",
    "axios": "^0.21.1"
  },
  "devDependencies": {
    "typescript": "^4.1.2",
    "@types/react": "^17.0.0",
    "@types/react-dom": "^17.0.0"
  },
  "repository": {
    "type": "git",
    "url": "https://github.com/yourusername/online-payment-system.git"
  },
  "keywords": [
    "payment",
    "react",
    "typescript"
  ],
  "author": "Your Name",
  "license": "MIT"
}
{
  "tasks": [
    {
      "type": "npm",
      "script": "start",
      "group": "build",
      "problemMatcher": [],
      "label": "npm: start",
      "detail": "Start the application"
    }
  ]
}